epoch,policy_loss_epoch,policy_loss_step,step,total_loss_epoch,total_loss_step,value_loss_epoch,value_loss_step
0,0.0,,39,0.014147932641208172,,0.014147932641208172,
1,,-0.0,49,,3.901592208421789e-05,,3.901592208421789e-05
1,0.0,,79,3.027993079740554e-05,,3.027993079740554e-05,
2,,-0.0,99,,3.2149073376785964e-06,,3.2149073376785964e-06
2,0.0,,119,2.1221844690444414e-06,,2.1221844690444414e-06,
3,,-0.0,149,,5.079870675217535e-07,,5.079870675217535e-07
3,0.0,,159,1.1696722594933817e-06,,1.1696722594933817e-06,
4,,-0.0,199,,1.7792747257772135e-06,,1.7792747257772135e-06
4,0.0,,199,1.0353716106692445e-06,,1.0353716106692445e-06,
