epoch,policy_loss_epoch,policy_loss_step,step,total_loss_epoch,total_loss_step,value_loss_epoch,value_loss_step
0,,-0.0,49,,3.3207710657734424e-05,,3.3207710657734424e-05
0,,-0.0,99,,1.7399790976924123e-06,,1.7399790976924123e-06
0,0.0,,125,0.01707960106432438,,0.01707960106432438,
